唐,人,街,探,案,2
昆,虫,物,语
小,公,主
第,一,夫,人
环,太,平,洋,2,：,雷,霆,再,起
比,得,兔
宠,物,恐,龙
去,日,无,痕
凭,空,而,来
无,迹,可,寻
梭,哈,人,生
温,彻,斯,特,鬼,屋
敌,对,分,子
1,2,勇,士
无,人,机,战,场
生,活,大,爆,炸,[,第,十,一,季,2,1,]
极,品,老,妈,[,第,五,季,1,8,]
凶,鬼,恶,灵,[,第,十,三,季,1,9,]
无,垠,的,太,空,[,第,三,季,0,2,]
栋,仁,的,时,光
逆,缘
下,一,站,，,别,离
远,大,前,程,[,电,视,剧,]
迷,失,太,空,[,第,一,季,0,8,]
诉,讼,双,雄,[,第,七,季,1,4,]
哥,谭,[,第,四,季,1,9,]
我,的,大,叔
反,恐,特,警,队,[,第,一,季,1,7,]
芝,加,哥,警,署,[,第,五,季,2,0,]
美,国,谍,梦,[,第,六,季,0,4,]
唐,人,街,探,案,2
比,得,兔
无,迹,可,寻
梭,哈,人,生
周,年,快,乐
卧,底,赌,神
慈,悲,圣,诞
别,碰,我,闺,蜜
幻,日,奇,遇
捉,妖,记,2
无,巧,不,成,婚
二,麻,租,媳,妇
布,里,斯,比,熊
小,鬼,警,察,2,：,新,兵
祖,宗,十,九,代
宠,物,恐,龙
无,人,机,战,场
贼,巢
张,三,丰,之,末,世,凶,兵
移,动,迷,宫,3,：,死,亡,解
伏,妖,开,封,府,之,御,猫
飓,风,抢,劫
亚,人
命,运,手,枪
空,天,猎
莲,花,警,队
疯,魔,鲁,智,深
魔,国,志,I,I,之,神,魔,无
2,4,小,时,：,末,路,重,生
通,勤,营,救
小,公,主
爱,情,比,赛
秘,密,手,稿
充,气,情,人
老,师,！,我,可,以,喜,欢
奶,酪,陷,阱,电,影,版
巴,特,克,里,克
时,空,偷,渡,少,女
南,极,之,恋
恋,爱,禁,止,的,世,界
伊,斯,梅,尔,的,幽,魂
西,游,记,女,儿,国
昼,颜, ,电,影,版
第,二,个,夏,天,，,不,再
准,许
温,彻,斯,特,鬼,屋
艾,拉
深,海,狂,鲨,2
野,生,狼,性
让,我,死
治,疗,尸
死,产,儿
抓,住
换,皮
暗,黑,灯,塔
侍,女,/,女,仆
断,魂,小,丑
房,客
玉,米,地,的,小,孩,:,大,逃
杂,交,种
环,太,平,洋,2,：,雷,霆,再
人,类,办,事,处
泰,坦
念,力
预,兆
黑,豹
天,崩,地,裂
星,球,大,战,8,：,最,后,的
湮,灭
冰,肤,传,说
异,星,觉,醒
正,义,联,盟
太,平,洋,战,场
静,音
云,端
1,2,勇,士
怒,战,狂,心
天,上,再,见
冬,季,战,争
玩,世,英,雄,2,0,1,8
帝,国,的,毁,灭,[,高,清,]
无,问,西,东
龙,之,战
高,山,下,的,花,环
敦,刻,尔,克,[,国,语,]
敦,刻,尔,克
血,战,湘,江
战,俘,的,逃,亡,日,记
巴,黎,血,色,围,城
刺,杀,盖,世,太,保
黑,天,鹅,王,子
脸,庞,，,村,庄
我,只,认,识,你
生,门,[,全,集,]
源,味,中,国
强,岛
火,力,全,开
辉,煌,中,国
成,为,邦,德
天,梯,：,蔡,国,强,的,艺
二,十,二
拟,音
水,果,传
舌,尖,上,的,中,国,3
假,如,动,物,会,摄,影
昆,虫,物,语
第,一,夫,人
去,日,无,痕
凭,空,而,来
敌,对,分,子
总,督,之,屋
最,差,劲
7,年,之,夜
2,0,1,7,中,国,内,地,票,房
消,失,的,夜,晚
永,恒,之,路
淹,没
蓝,天,白,云
假,期,露,营
音,乐,乡,悖,论
烟,花
妈,妈,咪,鸭
自,杀,小,队,：,严,厉,惩
赛,尔,号,大,电,影,6,：,圣
魔,法,总,动,员
大,世,界,/,好,极,了
玛,丽,与,魔,女,之,花
哥,斯,拉,：,怪,兽,行,星
我,的,邻,居,山,田,君
乐,高,幻,影,忍,者,大,电
宣,告,黎,明,的,露,之,歌
姆,明,与,冬,日,仙,境
金,龟,子
大,坏,狐,狸,的,故,事
巧,克,力,与,香,子,兰
栋,仁,的,时,光
逆,缘
下,一,站,，,别,离
远,大,前,程,[,电,视,剧,]
爱,回,家,之,开,心,速,递
独,孤,天,下,[,全,集,]
人,生,若,如,初,相,见,[,全
好,久,不,见
金,牌,投,资,人
北,京,女,子,图,鉴
三,国,机,密,之,潜,龙,在
凤,囚,凰,[,全,集,]
南,方,有,乔,木,[,全,集,]
乡,村,爱,情,1,0,[,全,集,]
果,栏,中,的,江,湖,大,嫂
我,的,大,叔
[,日,剧,],记,忆
黑,色,五,叶,草
L,i,v,e
经,常,请,吃,饭,的,漂,亮
加,油,吧,威,基,基
3,月,的,狮,子,[,全,集,]
电,影,少,女,～,V,I,D,E,O, 
小,松,先,生,[,全,集,]
迷,雾,[,全,集,]
O,H, ,M,Y, ,J,U,M,P,！, ,～,少
魔,法,使,的,新,娘,[,全,集
a,n,o,n,e,[,全,集,]
邻,家,月,更,圆,[,全,集,]
海,月,姬,[,全,集,]
生,活,大,爆,炸,[,第,十,一
极,品,老,妈,[,第,五,季,1
凶,鬼,恶,灵,[,第,十,三,季
无,垠,的,太,空,[,第,三,季
迷,失,太,空,[,第,一,季,0
诉,讼,双,雄,[,第,七,季,1
哥,谭,[,第,四,季,1,9,]
反,恐,特,警,队,[,第,一,季
芝,加,哥,警,署,[,第,五,季
美,国,谍,梦,[,第,六,季,0
塔,影,蜃,楼,[,第,一,季,1
犯,罪,心,理,[,第,十,三,季
嘻,哈,帝,国,[,第,四,季,1
氪,星,[,第,一,季,0,5,]
无,垠,的,太,空,[,第,一,季
雷,神,3,[,左,右,3,D,版,]
莫,斯,科,陷,落,[,左,右,3
寻,梦,环,游,记,[,左,右,3
正,义,联,盟,[,左,右,3,D,版
银,翼,杀,手,2,0,4,9,[,左,右
全,球,风,暴,[,左,右,3,D,版
乐,高,幻,影,忍,者,大,电
冰,雪,女,王,3,:,火,与,冰
终,结,者,2,:,审,判,日,[,左
星,际,特,工,:,千,星,之,城
赛,车,总,动,员,3,:,极,速
神,偷,奶,爸,3,[,左,右,3,D
变,形,金,刚,5,[,左,右,3,D
勇,士,之,门,[,左,右,3,D,版
猩,球,崛,起,3,：,终,极,之
第,9,0,届,奥,斯,卡,颁,奖
2,0,1,8,央,视,春,晚,会
第,6,0,届,格,莱,美,颁,奖
汪,峰,2,0,1,7,岁,月,巡,回
维,多,利,亚,的,秘,密,时
第,4,5,届,全,美,音,乐,大
汪,峰,2,0,1,7,岁,月,巡,回
T,F,B,O,Y,S,四,周,年,演,唱
卢,冠,廷,B,e,y,o,n,d, ,I,m,a
李,宗,盛,：,既,然,青,春
郑,秀,文,T,o,u,c,h, ,M,i, ,2
机,器,男,友
德,云,社,丁,酉,年,开,箱
第,8,9,届,奥,斯,卡,金,像
2,0,1,7,天,津,卫,视,春,晚
权,力,的,游,戏,[,第,七,季,全,]
绣,春,刀,I,I,：,修,罗,战,场
神,偷,奶,爸,3
逆,时,营,救
看,不,见,的,客,人
恶,女
复,仇,者,联,盟,2,：,奥,创,纪,元
绝,命,时,钟
真,实
一,念,无,明
刀,剑,神,域,：,序,列,之,争,剧,场,版
跛,豪,B,D,高,清
天,崩,地,裂
荒,岛,余,生,[,高,清,]
咖,啡,风,暴
帝,国,的,毁,灭,[,高,清,]
步,步,惊,心,[,全,集,]
真,相,漩,涡
国,家,宝,藏,1,[,高,清,]
迷,镇,凶,案
国,家,宝,藏,2,[,高,清,]
古,墓,丽,影,1,[,高,清,]
熔,炉,[,高,清,]
地,心,历,险,记,2,[,高,清,]
复,仇,者,联,盟
连,城,诀,[,全,集,]
猫,咪,后,院,之,家
实,习,医,生,格,蕾,[,第,十,四,季,1,8,]
夜,之,女,王,[,高,清,]
西,部,世,界,[,第,一,季,全,]
第,一,夫,人
爱,回,家,之,开,心,速,递
芝,加,哥,警,署,[,第,五,季,2,0,]
诉,讼,双,雄,[,第,七,季,1,4,]
哥,谭,[,第,四,季,1,9,]
星,际,迷,航,：,发,现,号,[,第,一,季,全,]
生,活,大,爆,炸,[,第,十,一,季,2,1,]
等,待,夕,阳,好,[,第,二,季,2,2,]
天,蝎,[,第,四,季,全,]
少,年,谢,尔,顿,[,第,一,季,1,8,]
致,命,武,器,[,第,二,季,1,9,]
罪,恶,黑,名,单,[,第,五,季,1,8,]
摩,登,家,庭,[,第,九,季,1,9,]
海,豹,突,击,队,[,第,一,季,1,8,]
金,色,年,代,[,第,五,季,1,9,]
嘻,哈,帝,国,[,第,四,季,1,3,]
犯,罪,心,理,[,第,十,三,季,2,1,]
美,式,主,妇,[,第,二,季,2,1,]
指,定,幸,存,者,[,第,二,季,1,7,]
芝,加,哥,烈,焰,[,第,六,季,1,8,]
天,堂,执,法,者,[,第,八,季,2,0,]
新,百,战,天,龙,[,第,二,季,2,0,]
路,西,法,[,第,三,季,2,0,]
最,后,一,个,男,人,[,第,四,季,1,5,]
宠,物,恐,龙
童,话,镇,[,第,七,季,1,7,]
女,超,人,[,第,三,季,1,4,]
闪,电,侠,[,第,四,季,1,8,]
凶,鬼,恶,灵,[,第,十,三,季,1,9,]
行,尸,走,肉
速,度,与,激,情
战,狼
变,形,金,刚
权,力,的,游,戏
鬼,吹,灯
闪,电,侠
生,活,大,爆,炸
生,化,危,机
权,利,的,游,戏
越,狱
老,九,门
一,路,向,西
冰,与,火,之,歌
唐,人,街,探,案,2
昆,虫,物,语
小,公,主
第,一,夫,人
环,太,平,洋,2,：,雷,霆,再,起
比,得,兔
宠,物,恐,龙
去,日,无,痕
凭,空,而,来
无,迹,可,寻
生,活,大,爆,炸,[,第,十,一,季,2,1,]
极,品,老,妈,[,第,五,季,1,8,]
凶,鬼,恶,灵,[,第,十,三,季,1,9,]
无,垠,的,太,空,[,第,三,季,0,2,]
栋,仁,的,时,光
逆,缘
下,一,站,，,别,离
远,大,前,程,[,电,视,剧,]
迷,失,太,空,[,第,一,季,0,8,]
诉,讼,双,雄,[,第,七,季,1,4,]
F,r,i, ,A,p,r, ,2,0, ,2,1,:,1,8,:,1,5, ,2,0,1,8
猛,龙,怪,客
良,种,动,物
毕,业,作,品
无,问,西,东
血,战,机,械,人
凭,空,而,来
湿,地
壹,号,别,墅
撩,妹,大,师
任,性,的,硬,币
奇,葩,朵,朵
红,尘,�,逄,搅,跣,√,�
天,蓬,元,帅
陌,生,人,2
阿,德,尔,曼,夫,妇
诡,媚,海,妖,[,第,一,季,1,0,]
无,垠,的,太,空,[,第,三,季,0,7,]
真,实,的,人,类,[,第,三,季,0,2,]
宫,心,计,2
爱,回,家,之,开,心,速,递
归,去,来
温,暖,的,弦
嘻,哈,帝,国,[,第,四,季,全,]
美,国,谍,梦,[,第,六,季,0,9,]
氪,星,[,第,一,季,全,]
天,才,：,爱,因,斯,坦,[,第,二,季,0,6,]
东,方,华,尔,街
忽,而,今,夏
莽,荒,纪
上,海,女,子,图,鉴
撩,妹,大,师
任,性,的,硬,币
荒,城,纪
2,1,克,拉
一,家,大,晒
迷,镇,凶,案
天,生,不,对
比,得,兔
游,戏,之,夜
齐,木,楠,雄,的,灾,难
人,怕,出,名,猪,怕,壮
萌,犬,好,声,音,3
我,的,幽,默
恋,爱,回,旋
一,路,春,风
猛,龙,怪,客
天,蓬,元,帅
黄,飞,鸿,之,南,北,英,雄
参,孙
天,龙,八,部,之,天,山,童
绝,代,双,骄
通,勤,营,救
复,仇
金,三,角,大,营,救
机,器,之,血
香,港,大,营,救
疯,狂,成,名,记
刺,客,荣,耀,・,荆,轲
红,海,行,动
环,大,西,洋,2
奇,葩,朵,朵
阿,德,尔,曼,夫,妇
肉,与,灵
爱,，,不,由,自,主
西,游,记,女,儿,国
青,春,后,驱,动
天,竺,蓝,调
史,碧,华,克,爱,恨,交,加
今,天,开,始,世,界,属,于
永,远,是,我,的,女,孩
亲,吻,亭
爱,在,记,忆,消,逝,前
青,春,2,4,秒
遇,见,你,真,好
小,公,主
陌,生,人,2
止,于,四,月
寂,静,之,地
怪,物,计,划
魅,影,浮,生
地,狱,：,亡,灵,栖,所
家,庭,血,液
灵,殇
大,脚,怪,传,奇
鬼,网
昆,池,岩
吸,血,猎,手
刽,子,手,2,0,1,7
恶,床
地,狱,自,拍
血,战,机,械,人
华,氏,4,5,1
湮,灭
木,星,之,卫
环,太,平,洋,2,：,雷,霆,再
救,世,超,能,：,永,无,止
复,仇,者,联,盟,3,：,无,限
黑,豹
头,号,玩,家
太,空,救,援
超,能,奇,才
镭,射,小,队,2
泰,坦
莫,斯,科,陷,落
谋,杀,琼
无,问,西,东
无,名,战,士
1,2,勇,士
怒,战,狂,心
天,上,再,见
冬,季,战,争
玩,世,英,雄,2,0,1,8
帝,国,的,毁,灭,[,高,清,]
龙,之,战
高,山,下,的,花,环
敦,刻,尔,克,[,国,语,]
敦,刻,尔,克
血,战,湘,江
战,俘,的,逃,亡,日,记
巴,黎,血,色,围,城
卡,特,效,应
川,流,不,息
黑,天,鹅,王,子
脸,庞,，,村,庄
我,只,认,识,你
生,门,[,全,集,]
源,味,中,国
强,岛
火,力,全,开
辉,煌,中,国
成,为,邦,德
天,梯,：,蔡,国,强,的,艺
二,十,二
拟,音
水,果,传
良,种,动,物
毕,业,作,品
凭,空,而,来
湿,地
壹,号,别,墅
红,尘,�,逄,搅,跣,√,�
芳,华
刺,杀,终,点,战
衍,生,玛,约,莉
陆,地,空,谷
罪,途,3,之,正,义,规,则
暴,裂,无,声
负,重,前,行
我,杀,死,了,巨,人
分,贝,人,生
早,期,人,类
虎,皮,萌,企,鹅
西,游,记,之,大,圣,归,来
地,海,战,记,[,高,清,]
烟,花
狗,狗,的,疯,狂,假,期
猫,与,桃,花,源
忍,者,蝙,蝠,侠
妈,妈,咪,鸭
自,杀,小,队,：,严,厉,惩
赛,尔,号,大,电,影,6,：,圣
魔,法,总,动,员
大,世,界,/,好,极,了
玛,丽,与,魔,女,之,花
哥,斯,拉,：,怪,兽,行,星
宫,心,计,2
爱,回,家,之,开,心,速,递
归,去,来
温,暖,的,弦
东,方,华,尔,街
忽,而,今,夏
莽,荒,纪
上,海,女,子,图,鉴
结,爱,・,千,岁,大,人,的
金,牌,投,资,人,[,全,集,]
爱,情,的,边,疆
逆,缘,[,全,集,]
冒,险,王,卫,斯,理,之,无
三,国,机,密,之,潜,龙,在
假,如,没,有,遇,见,你,[,全
想,停,止,的,瞬,间,:,关,于
[,日,剧,],记,忆
大,叔,之,爱
黑,色,止,血,钳
黑,色,五,叶,草
我,的,大,叔,[,全,集,]
韩,剧,[,情,妇,]
经,常,请,吃,饭,的,漂,亮
L,i,v,e,[,全,集,]
加,油,吧,威,基,基
3,月,的,狮,子,[,全,集,]
电,影,少,女,～,V,I,D,E,O, 
小,松,先,生,[,全,集,]
迷,雾,[,全,集,]
O,H, ,M,Y, ,J,U,M,P,！, ,～,少
诡,媚,海,妖,[,第,一,季,1
无,垠,的,太,空,[,第,三,季
真,实,的,人,类,[,第,三,季
嘻,哈,帝,国,[,第,四,季,全
美,国,谍,梦,[,第,六,季,0
氪,星,[,第,一,季,全,]
天,才,：,爱,因,斯,坦,[,第
侍,女,的,故,事,[,第,二,季
地,球,百,子,[,第,五,季,0
大,群,[,第,二,季,0,8,]
闪,电,侠,[,第,四,季,全,]
绿,箭,[,第,六,季,2,3,]
始,祖,家,族,[,第,五,季,0
金,色,年,代,[,第,五,季,2
童,话,镇,[,第,七,季,全,]
星,球,大,战,8,[,左,右,3,D
勇,敢,者,游,戏,:,决,战,丛
雷,神,3,[,左,右,3,D,版,]
莫,斯,科,陷,落,[,左,右,3
寻,梦,环,游,记,[,左,右,3
正,义,联,盟,[,左,右,3,D,版
银,翼,杀,手,2,0,4,9,[,左,右
全,球,风,暴,[,左,右,3,D,版
乐,高,幻,影,忍,者,大,电
冰,雪,女,王,3,:,火,与,冰
终,结,者,2,:,审,判,日,[,左
星,际,特,工,:,千,星,之,城
赛,车,总,动,员,3,:,极,速
神,偷,奶,爸,3,[,左,右,3,D
变,形,金,刚,5,[,左,右,3,D
2,0,1,8,年,欧,洲,歌,唱,大
德,云,社,丁,酉,年,封,箱
第,9,0,届,奥,斯,卡,颁,奖
2,0,1,8,央,视,春,晚,会
第,6,0,届,格,莱,美,颁,奖
汪,峰,2,0,1,7,岁,月,巡,回
维,多,利,亚,的,秘,密,时
第,4,5,届,全,美,音,乐,大
汪,峰,2,0,1,7,岁,月,巡,回
T,F,B,O,Y,S,四,周,年,演,唱
卢,冠,廷,B,e,y,o,n,d, ,I,m,a
李,宗,盛,：,既,然,青,春
郑,秀,文,T,o,u,c,h, ,M,i, ,2
机,器,男,友
德,云,社,丁,酉,年,开,箱
权,力,的,游,戏,[,第,七,季,全,]
绣,春,刀,I,I,：,修,罗,战,场
逆,时,营,救
看,不,见,的,客,人
复,仇,者,联,盟,2,：,奥,创,纪,元
绝,命,时,钟
真,实
一,念,无,明
刀,剑,神,域,：,序,列,之,争,剧,场,版
跛,豪,B,D,高,清
天,崩,地,裂
荒,岛,余,生,[,高,清,]
咖,啡,风,暴
帝,国,的,毁,灭,[,高,清,]
我,的,外,星,女,友
步,步,惊,心,[,全,集,]
天,龙,八,部,之,天,山,童,姥,[,高,清,]
真,相,漩,涡
国,家,宝,藏,1,[,高,清,]
迷,镇,凶,案
国,家,宝,藏,2,[,高,清,]
地,海,战,记,[,高,清,]
古,墓,丽,影,1,[,高,清,]
熔,炉,[,高,清,]
地,心,历,险,记,2,[,高,清,]
复,仇,者,联,盟
实,习,医,生,格,蕾,[,第,十,四,季,2,4,]
夜,之,女,王,[,高,清,]
前,任,攻,略
实,习,医,生,格,蕾,[,第,十,四,季,2,4,]
爱,回,家,之,开,心,速,递
哥,谭,[,第,四,季,全,]
罪,恶,黑,名,单,[,第,五,季,全,]
摩,登,家,庭,[,第,九,季,2,2,]
海,豹,突,击,队,[,第,一,季,全,]
金,色,年,代,[,第,五,季,2,2,]
嘻,哈,帝,国,[,第,四,季,全,]
美,式,主,妇,[,第,二,季,2,4,]
指,定,幸,存,者,[,第,二,季,全,]
天,堂,执,法,者,[,第,八,季,全,]
童,话,镇,[,第,七,季,全,]
女,超,人,[,第,三,季,1,9,]
闪,电,侠,[,第,四,季,全,]
凶,鬼,恶,灵,[,第,十,三,季,全,]
绿,箭,[,第,六,季,2,3,]
国,务,卿,女,士,[,第,四,季,2,1,]
黑,色,五,叶,草
盲,点,[,第,三,季,全,]
反,恐,特,警,队,[,第,一,季,2,1,]
肉,与,灵
神,盾,局,特,工,[,第,五,季,全,]
无,问,西,东
芳,华
西,游,记,女,儿,国
我,是,僵,尸,[,第,四,季,1,2,]
傲,骨,之,战,[,第,二,季,1,2,]
湮,灭
[,日,剧,],记,忆
氪,星,[,第,一,季,全,]
行,尸,走,肉
速,度,与,激,情
战,狼
变,形,金,刚
权,力,的,游,戏
闪,电,侠
鬼,吹,灯
生,活,大,爆,炸
生,化,危,机
权,利,的,游,戏
越,狱
复,仇,者,联,盟
老,九,门
一,路,向,西
猛,龙,怪,客
良,种,动,物
毕,业,作,品
无,问,西,东
血,战,机,械,人
凭,空,而,来
湿,地
壹,号,别,墅
撩,妹,大,师
任,性,的,硬,币
诡,媚,海,妖,[,第,一,季,1,0,]
无,垠,的,太,空,[,第,三,季,0,7,]
真,实,的,人,类,[,第,三,季,0,2,]
宫,心,计,2
爱,回,家,之,开,心,速,递
归,去,来
温,暖,的,弦
嘻,哈,帝,国,[,第,四,季,全,]
美,国,谍,梦,[,第,六,季,0,9,]
氪,星,[,第,一,季,全,]
S,a,t, ,M,a,y, ,2,6, ,1,1,:,3,4,:,0,6, ,2,0,1,8
湮,灭
早,期,人,类
热,血,街,区,电,影,版,3,：,终,极,任,务
花,甲,大,人,转,男,孩
命,运,咖,啡,馆
第,十,二,个,人
猛,龙,怪,客
良,种,动,物
毕,业,作,品
无,问,西,东
血,战,机,械,人
凭,空,而,来
湿,地
壹,号,别,墅
撩,妹,大,师
谍,网,[,第,三,季,0,4,]
宫,心,计,2
诡,媚,海,妖,[,第,一,季,1,0,]
无,垠,的,太,空,[,第,三,季,0,7,]
真,实,的,人,类,[,第,三,季,0,2,]
爱,回,家,之,开,心,速,递
归,去,来
温,暖,的,弦
嘻,哈,帝,国,[,第,四,季,全,]
美,国,谍,梦,[,第,六,季,0,9,]
氪,星,[,第,一,季,全,]
天,才,：,爱,因,斯,坦,[,第,二,季,0,6,]
东,方,华,尔,街
忽,而,今,夏
莽,荒,纪
撩,妹,大,师
任,性,的,硬,币
荒,城,纪
2,1,克,拉
一,家,大,晒
迷,镇,凶,案
天,生,不,对
比,得,兔
游,戏,之,夜
齐,木,楠,雄,的,灾,难
人,怕,出,名,猪,怕,壮
萌,犬,好,声,音,3
我,的,幽,默
恋,爱,回,旋
一,路,春,风
热,血,街,区,电,影,版,3,：
第,十,二,个,人
猛,龙,怪,客
天,蓬,元,帅
黄,飞,鸿,之,南,北,英,雄
参,孙
天,龙,八,部,之,天,山,童
绝,代,双,骄
通,勤,营,救
复,仇
金,三,角,大,营,救
机,器,之,血
香,港,大,营,救
疯,狂,成,名,记
刺,客,荣,耀,・,荆,轲
奇,葩,朵,朵
阿,德,尔,曼,夫,妇
肉,与,灵
爱,，,不,由,自,主
西,游,记,女,儿,国
青,春,后,驱,动
天,竺,蓝,调
史,碧,华,克,爱,恨,交,加
今,天,开,始,世,界,属,于
永,远,是,我,的,女,孩
亲,吻,亭
爱,在,记,忆,消,逝,前
青,春,2,4,秒
遇,见,你,真,好
小,公,主
陌,生,人,2
止,于,四,月
寂,静,之,地
怪,物,计,划
魅,影,浮,生
地,狱,：,亡,灵,栖,所
家,庭,血,液
灵,殇
大,脚,怪,传,奇
鬼,网
昆,池,岩
吸,血,猎,手
刽,子,手,2,0,1,7
恶,床
地,狱,自,拍
湮,灭
血,战,机,械,人
华,氏,4,5,1
木,星,之,卫
环,太,平,洋,2,：,雷,霆,再
救,世,超,能,：,永,无,止
复,仇,者,联,盟,3,：,无,限
黑,豹
头,号,玩,家
太,空,救,援
超,能,奇,才
镭,射,小,队,2
泰,坦
莫,斯,科,陷,落
谋,杀,琼
无,问,西,东
无,名,战,士
1,2,勇,士
怒,战,狂,心
天,上,再,见
冬,季,战,争
玩,世,英,雄,2,0,1,8
帝,国,的,毁,灭,[,高,清,]
龙,之,战
高,山,下,的,花,环
敦,刻,尔,克,[,国,语,]
敦,刻,尔,克
血,战,湘,江
战,俘,的,逃,亡,日,记
巴,黎,血,色,围,城
卡,特,效,应
川,流,不,息
黑,天,鹅,王,子
脸,庞,，,村,庄
我,只,认,识,你
生,门,[,全,集,]
源,味,中,国
强,岛
火,力,全,开
辉,煌,中,国
成,为,邦,德
天,梯,：,蔡,国,强,的,艺
二,十,二
拟,音
水,果,传
花,甲,大,人,转,男,孩
命,运,咖,啡,馆
良,种,动,物
毕,业,作,品
凭,空,而,来
湿,地
壹,号,别,墅
红,尘,�,逄,搅,跣,√,�
芳,华
刺,杀,终,点,战
衍,生,玛,约,莉
陆,地,空,谷
罪,途,3,之,正,义,规,则
暴,裂,无,声
负,重,前,行
早,期,人,类
虎,皮,萌,企,鹅
西,游,记,之,大,圣,归,来
地,海,战,记,[,高,清,]
烟,花
狗,狗,的,疯,狂,假,期
猫,与,桃,花,源
忍,者,蝙,蝠,侠
妈,妈,咪,鸭
自,杀,小,队,：,严,厉,惩
赛,尔,号,大,电,影,6,：,圣
魔,法,总,动,员
大,世,界,/,好,极,了
玛,丽,与,魔,女,之,花
哥,斯,拉,：,怪,兽,行,星
宫,心,计,2
爱,回,家,之,开,心,速,递
归,去,来
温,暖,的,弦
东,方,华,尔,街
忽,而,今,夏
莽,荒,纪
上,海,女,子,图,鉴
结,爱,・,千,岁,大,人,的
金,牌,投,资,人,[,全,集,]
爱,情,的,边,疆
逆,缘,[,全,集,]
冒,险,王,卫,斯,理,之,无
三,国,机,密,之,潜,龙,在
假,如,没,有,遇,见,你,[,全
想,停,止,的,瞬,间,:,关,于
[,日,剧,],记,忆
大,叔,之,爱
黑,色,止,血,钳
黑,色,五,叶,草
我,的,大,叔,[,全,集,]
韩,剧,[,情,妇,]
经,常,请,吃,饭,的,漂,亮
L,i,v,e,[,全,集,]
加,油,吧,威,基,基
3,月,的,狮,子,[,全,集,]
电,影,少,女,～,V,I,D,E,O, 
小,松,先,生,[,全,集,]
迷,雾,[,全,集,]
O,H, ,M,Y, ,J,U,M,P,！, ,～,少
谍,网,[,第,三,季,0,4,]
诡,媚,海,妖,[,第,一,季,1
无,垠,的,太,空,[,第,三,季
真,实,的,人,类,[,第,三,季
嘻,哈,帝,国,[,第,四,季,全
美,国,谍,梦,[,第,六,季,0
氪,星,[,第,一,季,全,]
天,才,：,爱,因,斯,坦,[,第
侍,女,的,故,事,[,第,二,季
地,球,百,子,[,第,五,季,0
大,群,[,第,二,季,0,8,]
闪,电,侠,[,第,四,季,全,]
绿,箭,[,第,六,季,2,3,]
始,祖,家,族,[,第,五,季,0
金,色,年,代,[,第,五,季,2
星,球,大,战,8,[,左,右,3,D
勇,敢,者,游,戏,:,决,战,丛
雷,神,3,[,左,右,3,D,版,]
莫,斯,科,陷,落,[,左,右,3
寻,梦,环,游,记,[,左,右,3
正,义,联,盟,[,左,右,3,D,版
银,翼,杀,手,2,0,4,9,[,左,右
全,球,风,暴,[,左,右,3,D,版
乐,高,幻,影,忍,者,大,电
冰,雪,女,王,3,:,火,与,冰
终,结,者,2,:,审,判,日,[,左
星,际,特,工,:,千,星,之,城
赛,车,总,动,员,3,:,极,速
神,偷,奶,爸,3,[,左,右,3,D
变,形,金,刚,5,[,左,右,3,D
2,0,1,8,年,欧,洲,歌,唱,大
德,云,社,丁,酉,年,封,箱
第,9,0,届,奥,斯,卡,颁,奖
2,0,1,8,央,视,春,晚,会
第,6,0,届,格,莱,美,颁,奖
汪,峰,2,0,1,7,岁,月,巡,回
维,多,利,亚,的,秘,密,时
第,4,5,届,全,美,音,乐,大
汪,峰,2,0,1,7,岁,月,巡,回
T,F,B,O,Y,S,四,周,年,演,唱
卢,冠,廷,B,e,y,o,n,d, ,I,m,a
李,宗,盛,：,既,然,青,春
郑,秀,文,T,o,u,c,h, ,M,i, ,2
机,器,男,友
德,云,社,丁,酉,年,开,箱
权,力,的,游,戏,[,第,七,季,全,]
绣,春,刀,I,I,：,修,罗,战,场
逆,时,营,救
看,不,见,的,客,人
复,仇,者,联,盟,2,：,奥,创,纪,元
绝,命,时,钟
真,实
一,念,无,明
刀,剑,神,域,：,序,列,之,争,剧,场,版
跛,豪,B,D,高,清
天,崩,地,裂
荒,岛,余,生,[,高,清,]
咖,啡,风,暴
帝,国,的,毁,灭,[,高,清,]
我,的,外,星,女,友
步,步,惊,心,[,全,集,]
天,龙,八,部,之,天,山,童,姥,[,高,清,]
真,相,漩,涡
国,家,宝,藏,1,[,高,清,]
迷,镇,凶,案
国,家,宝,藏,2,[,高,清,]
地,海,战,记,[,高,清,]
古,墓,丽,影,1,[,高,清,]
熔,炉,[,高,清,]
地,心,历,险,记,2,[,高,清,]
复,仇,者,联,盟
实,习,医,生,格,蕾,[,第,十,四,季,2,4,]
夜,之,女,王,[,高,清,]
前,任,攻,略
实,习,医,生,格,蕾,[,第,十,四,季,2,4,]
爱,回,家,之,开,心,速,递
哥,谭,[,第,四,季,全,]
罪,恶,黑,名,单,[,第,五,季,全,]
摩,登,家,庭,[,第,九,季,2,2,]
海,豹,突,击,队,[,第,一,季,全,]
金,色,年,代,[,第,五,季,2,2,]
嘻,哈,帝,国,[,第,四,季,全,]
美,式,主,妇,[,第,二,季,2,4,]
指,定,幸,存,者,[,第,二,季,全,]
天,堂,执,法,者,[,第,八,季,全,]
童,话,镇,[,第,七,季,全,]
女,超,人,[,第,三,季,1,9,]
闪,电,侠,[,第,四,季,全,]
凶,鬼,恶,灵,[,第,十,三,季,全,]
绿,箭,[,第,六,季,2,3,]
国,务,卿,女,士,[,第,四,季,2,1,]
黑,色,五,叶,草
盲,点,[,第,三,季,全,]
反,恐,特,警,队,[,第,一,季,2,1,]
肉,与,灵
神,盾,局,特,工,[,第,五,季,全,]
无,问,西,东
芳,华
西,游,记,女,儿,国
我,是,僵,尸,[,第,四,季,1,2,]
傲,骨,之,战,[,第,二,季,1,2,]
湮,灭
[,日,剧,],记,忆
氪,星,[,第,一,季,全,]
行,尸,走,肉
速,度,与,激,情
战,狼
变,形,金,刚
权,力,的,游,戏
闪,电,侠
鬼,吹,灯
生,活,大,爆,炸
生,化,危,机
权,利,的,游,戏
越,狱
复,仇,者,联,盟
老,九,门
一,路,向,西
湮,灭
早,期,人,类
热,血,街,区,电,影,版,3,：,终,极,任,务
花,甲,大,人,转,男,孩
命,运,咖,啡,馆
第,十,二,个,人
猛,龙,怪,客
良,种,动,物
毕,业,作,品
无,问,西,东
谍,网,[,第,三,季,0,4,]
宫,心,计,2
诡,媚,海,妖,[,第,一,季,1,0,]
无,垠,的,太,空,[,第,三,季,0,7,]
真,实,的,人,类,[,第,三,季,0,2,]
爱,回,家,之,开,心,速,递
归,去,来
温,暖,的,弦
嘻,哈,帝,国,[,第,四,季,全,]
美,国,谍,梦,[,第,六,季,0,9,]
S,u,n, ,M,a,y, ,2,7, ,1,2,:,2,7,:,0,8, ,2,0,1,8
2,0,1,8,年,5,月,佳,片,推,荐
黑,盒,子
怪,奇,秀
你,从,未,在,此
最,后,证,人
忌,日,快,乐
每,一,天
午,夜,十,二,点
捉,妖,记,2
古,墓,丽,影,：,源,起,之,战
吉,诺,密,欧,与,朱,丽,叶,2,：,夏,洛,克,・,糯,尔,摩,斯
失,心,病,狂
护,垫,侠
熊,出,没,・,变,形,记
母,狗
如,果,",",爱
归,去,来
谍,网,[,第,三,季,0,5,]
黑,色,警,报,[,第,三,季,0,5,]
大,叔,之,爱
素,描
宫,心,计,2
忽,而,今,夏,[,全,集,]
爱,回,家,之,开,心,速,递
无,垠,的,太,空,[,第,三,季,0,8,]
绿,箭,[,第,六,季,全,]
天,才,：,爱,因,斯,坦,[,第,二,季,0,7,]
真,实,的,人,类,[,第,三,季,0,3,]
骨,语
上,海,女,子,图,鉴
怪,奇,秀
捉,妖,记,2
男,人,要,自,爱
睡,沙,发,的,人
我,爱,你,，,老,爸
三,个,绑,匪,七,条,心
撩,妹,大,师
任,性,的,硬,币
荒,城,纪
2,1,克,拉
一,家,大,晒
迷,镇,凶,案
天,生,不,对
比,得,兔
游,戏,之,夜
古,墓,丽,影,：,源,起,之
大,唐,第,一,刺,局
封,魔,纪,之,赤,雷,传
炮,火,将,至
6,1,4,号,逃,犯
刀,震,江,湖
王,牌,杀,手
飓,风,抢,劫
卧,底,巨,星
猛,龙,怪,客
赌,命,游,戏
斗,阵,悍,妞
热,血,街,区,电,影,版,3,：
第,十,二,个,人
天,蓬,元,帅
每,一,天
双,世,白,蛇
前,任,3,：,再,见,前,任
奇,葩,朵,朵
阿,德,尔,曼,夫,妇
肉,与,灵
爱,，,不,由,自,主
西,游,记,女,儿,国
青,春,后,驱,动
天,竺,蓝,调
史,碧,华,克,爱,恨,交,加
今,天,开,始,世,界,属,于
永,远,是,我,的,女,孩
亲,吻,亭
爱,在,记,忆,消,逝,前
黑,盒,子
忌,日,快,乐
午,夜,十,二,点
失,心,病,狂
丝,黛,芬,妮
鬼,追,人,5
陌,生,人,2
止,于,四,月
寂,静,之,地
怪,物,计,划
魅,影,浮,生
地,狱,：,亡,灵,栖,所
家,庭,血,液
灵,殇
大,脚,怪,传,奇
时,间,的,皱,折
死,侍
未,来,世,界
湮,灭
血,战,机,械,人
华,氏,4,5,1
木,星,之,卫
环,太,平,洋,2,：,雷,霆,再
救,世,超,能,：,永,无,止
复,仇,者,联,盟,3,：,无,限
黑,豹
头,号,玩,家
太,空,救,援
超,能,奇,才
镭,射,小,队,2
无,问,西,东
无,名,战,士
1,2,勇,士
怒,战,狂,心
天,上,再,见
冬,季,战,争
玩,世,英,雄,2,0,1,8
帝,国,的,毁,灭,[,高,清,]
龙,之,战
高,山,下,的,花,环
敦,刻,尔,克,[,国,语,]
敦,刻,尔,克
血,战,湘,江
战,俘,的,逃,亡,日,记
巴,黎,血,色,围,城
卡,特,效,应
川,流,不,息
黑,天,鹅,王,子
脸,庞,，,村,庄
我,只,认,识,你
生,门,[,全,集,]
源,味,中,国
强,岛
火,力,全,开
辉,煌,中,国
成,为,邦,德
天,梯,：,蔡,国,强,的,艺
二,十,二
拟,音
水,果,传
2,0,1,8,年,5,月,佳,片,推,荐
你,从,未,在,此
最,后,证,人
护,垫,侠
母,狗
黑,暗,之,中
素,媛
饶,恕
幕,后,玩,家
最,后,的,食,谱, ,麒,麟,之
到,来,的,主,日
外,国,佬
�,S,刀,社,青,春,日,记
琉,璃,庭,院
顺,风,鱼
吉,诺,密,欧,与,朱,丽,叶
熊,出,没,・,变,形,记
冰,雪,女,王,3,：,火,与,冰
早,期,人,类
虎,皮,萌,企,鹅
西,游,记,之,大,圣,归,来
地,海,战,记,[,高,清,]
烟,花
狗,狗,的,疯,狂,假,期
猫,与,桃,花,源
忍,者,蝙,蝠,侠
妈,妈,咪,鸭
自,杀,小,队,：,严,厉,惩
赛,尔,号,大,电,影,6,：,圣
魔,法,总,动,员
如,果,",",爱
归,去,来
宫,心,计,2
忽,而,今,夏,[,全,集,]
爱,回,家,之,开,心,速,递
骨,语
上,海,女,子,图,鉴
东,方,华,尔,街
莽,荒,纪
法,网,追,凶,[,全,集,]
结,爱,・,千,岁,大,人,的
家,有,儿,女,初,长,成,[,全
温,暖,的,弦,[,全,集,]
金,牌,投,资,人,[,全,集,]
爱,情,的,边,疆
大,叔,之,爱
素,描
[,日,剧,],记,忆
想,停,止,的,瞬,间,:,关,于
黑,色,五,叶,草
黑,色,止,血,钳
韩,剧,[,情,妇,]
我,的,大,叔,[,全,集,]
经,常,请,吃,饭,的,漂,亮
L,i,v,e,[,全,集,]
加,油,吧,威,基,基
3,月,的,狮,子,[,全,集,]
电,影,少,女,～,V,I,D,E,O, 
小,松,先,生,[,全,集,]
迷,雾,[,全,集,]
谍,网,[,第,三,季,0,5,]
黑,色,警,报,[,第,三,季,0
无,垠,的,太,空,[,第,三,季
绿,箭,[,第,六,季,全,]
天,才,：,爱,因,斯,坦,[,第
真,实,的,人,类,[,第,三,季
反,恐,特,警,队,[,第,一,季
始,祖,家,族,[,第,五,季,0
海,豹,六,队,[,第,二,季,0
幻,梦,空,间,[,第,一,季,0
侍,女,的,故,事,[,第,二,季
美,国,谍,梦,[,第,六,季,全
大,群,[,第,二,季,0,9,]
国,土,安,全,[,第,七,季,全
我,是,僵,尸,[,第,四,季,1
星,球,大,战,8,[,左,右,3,D
勇,敢,者,游,戏,:,决,战,丛
雷,神,3,[,左,右,3,D,版,]
莫,斯,科,陷,落,[,左,右,3
寻,梦,环,游,记,[,左,右,3
正,义,联,盟,[,左,右,3,D,版
银,翼,杀,手,2,0,4,9,[,左,右
全,球,风,暴,[,左,右,3,D,版
乐,高,幻,影,忍,者,大,电
冰,雪,女,王,3,:,火,与,冰
终,结,者,2,:,审,判,日,[,左
星,际,特,工,:,千,星,之,城
赛,车,总,动,员,3,:,极,速
神,偷,奶,爸,3,[,左,右,3,D
变,形,金,刚,5,[,左,右,3,D
2,0,1,8,年,欧,洲,歌,唱,大
德,云,社,丁,酉,年,封,箱
第,9,0,届,奥,斯,卡,颁,奖
2,0,1,8,央,视,春,晚,会
第,6,0,届,格,莱,美,颁,奖
汪,峰,2,0,1,7,岁,月,巡,回
维,多,利,亚,的,秘,密,时
第,4,5,届,全,美,音,乐,大
汪,峰,2,0,1,7,岁,月,巡,回
T,F,B,O,Y,S,四,周,年,演,唱
卢,冠,廷,B,e,y,o,n,d, ,I,m,a
李,宗,盛,：,既,然,青,春
郑,秀,文,T,o,u,c,h, ,M,i, ,2
机,器,男,友
德,云,社,丁,酉,年,开,箱
权,力,的,游,戏,[,第,七,季,全,]
绣,春,刀,I,I,：,修,罗,战,场
逆,时,营,救
看,不,见,的,客,人
复,仇,者,联,盟,2,：,奥,创,纪,元
绝,命,时,钟
真,实
一,念,无,明
刀,剑,神,域,：,序,列,之,争,剧,场,版
跛,豪,B,D,高,清
天,崩,地,裂
荒,岛,余,生,[,高,清,]
咖,啡,风,暴
帝,国,的,毁,灭,[,高,清,]
我,的,外,星,女,友
天,龙,八,部,之,天,山,童,姥,[,高,清,]
真,相,漩,涡
国,家,宝,藏,1,[,高,清,]
迷,镇,凶,案
国,家,宝,藏,2,[,高,清,]
地,海,战,记,[,高,清,]
古,墓,丽,影,1,[,高,清,]
熔,炉,[,高,清,]
地,心,历,险,记,2,[,高,清,]
复,仇,者,联,盟
实,习,医,生,格,蕾,[,第,十,四,季,2,4,]
夜,之,女,王,[,高,清,]
素,媛
前,任,攻,略
素,媛
死,侍
爱,回,家,之,开,心,速,递
路,西,法,[,第,三,季,2,6,]
女,超,人,[,第,三,季,2,0,]
绿,箭,[,第,六,季,全,]
国,务,卿,女,士,[,第,四,季,2,2,]
黑,色,五,叶,草
忌,日,快,乐
反,恐,特,警,队,[,第,一,季,全,]
琉,璃,庭,院
前,任,3,：,再,见,前,任
飓,风,营,救,[,第,二,季,1,2,]
怪,奇,秀
国,土,安,全,[,第,七,季,全,]
卧,底,巨,星
�,S,刀,社,青,春,日,记
我,是,僵,尸,[,第,四,季,1,3,]
傲,骨,之,战,[,第,二,季,全,]
古,墓,丽,影,：,源,起,之,战
[,日,剧,],记,忆
美,国,谍,梦,[,第,六,季,全,]
大,群,[,第,二,季,0,9,]
捉,妖,记,2
假,面,真,情,[,第,二,季,0,8,]
你,从,未,在,此
飓,风,抢,劫
无,垠,的,太,空,[,第,三,季,0,8,]
西,部,世,界,[,第,二,季,0,6,]
始,祖,家,族,[,第,五,季,0,6,]
行,尸,走,肉
速,度,与,激,情
战,狼
变,形,金,刚
权,力,的,游,戏
闪,电,侠
鬼,吹,灯
生,活,大,爆,炸
生,化,危,机
权,利,的,游,戏
复,仇,者,联,盟
越,狱
老,九,门
一,路,向,西
2,0,1,8,年,5,月,佳,片,推,荐
黑,盒,子
怪,奇,秀
你,从,未,在,此
最,后,证,人
忌,日,快,乐
每,一,天
午,夜,十,二,点
捉,妖,记,2
古,墓,丽,影,：,源,起,之,战
如,果,",",爱
归,去,来
谍,网,[,第,三,季,0,5,]
黑,色,警,报,[,第,三,季,0,5,]
宫,心,计,2
忽,而,今,夏,[,全,集,]
爱,回,家,之,开,心,速,递
无,垠,的,太,空,[,第,三,季,0,8,]
绿,箭,[,第,六,季,全,]
天,才,：,爱,因,斯,坦,[,第,二,季,0,7,]
M,o,n, ,J,u,n, , ,4, ,0,0,:,1,1,:,0,0, ,2,0,1,8
古,道,热,肠
把,外,婆,放,进,冰,箱
掠,食,城,市
斗,罗,大,陆,动,画,版
超,人,王,朝
公,告
波,西,米,亚,狂,想,曲
差,等,生,乔,曦
索,妮
姐,姐
胡,桃,夹,子,和,四,个,王,国
罗,宾,汉
大,盗,之,王
冰,海,陷,落
致,命,勒,索
黑,色,五,叶,草
荷,里,活,有,个,大,老,千
小,女,花,不,弃
知,否,知,否, ,应,是,绿,肥,红,瘦
幕,后,之,王
天,衣,无,缝
我,的,冤,家,住,对,门
皓,镧,传
爱,回,家,之,开,心,速,递
鬼,吹,灯,之,怒,晴,湘,西
喜,欢,你,时,风,好,甜
心,冤
火,王,之,千,里,同,风
女,超,人,[,第,四,季,1,0,]
真,探,[,第,三,季,0,3,]
古,道,热,肠
差,等,生,乔,曦
致,命,勒,索
一,周,不,死,，,全,额,退
笑,到,最,后
中,毒,练,歌,房
极,限,速,递
来,日,方,长
午,夜,帮
奇,妙,幽,灵
兴,风,作,浪
疯,狂,的,契,约
恋,爱,成,瘾
救,世,主,杰,夫
黑,衣,女,人,2,0,1,8
姐,姐
罗,宾,汉
冰,海,陷,落
刺,杀,风,云
贴,身,女,保,镖
复,仇,岛
飓,风,营,救,3,[,高,清,]
飓,风,营,救,2,[,高,清,]
飓,风,营,救,[,高,清,]
亡,命,救,赎
猛,龙,行,动,之,绝,密,代
极,速,杀,机
东,海,龙,棺
极,限,杀,机,X,计,划
印,度,暴,徒
把,外,婆,放,进,冰,箱
诸,位
等,等
敦,煌,不,了,情
在,天,堂,等,我
笑,八,仙,之,韩,湘,子,捉
准,许
真,爱,至,上,[,高,清,]
向,天,真,的,女,生,投,降
你,好,，,之,华
封,神,降,魔,2,桃,山,气,海
3,3,号,公,路
小,美,人,鱼
接,吻,的,饺,子
圣,诞,王,子,：,皇,室,婚
阴,风,阵,阵
八,仙,饭,店
救,僵,清,道,夫
午,夜,整,容,室
命,运,改,变,者
一,日,暴,毙
鸡,皮,疙,瘩,2,：,闹,鬼,万
月,光,光,心,慌,慌,2,0,1,8
地,狱,游,乐,园
女,哭,声
美,人,鱼,之,死,亡,湖
恐,怖,快,递
开,学,悸
塔,巴,德
表,象,之,下
掠,食,城,市
迫,日,营,救
大,黄,蜂
少,女,地,球,守,护,者
铁,血,战,士,2,[,高,清,]
铁,血,战,士,[,高,清,]
时,间,怪,客
穿,越,白,色,空,间
神,奇,动,物,：,格,林,德
铁,血,战,士
黑,镜,：,潘,达,斯,奈,基
麒,麟,特,战,队,之,机,甲
毒,液,：,致,命,守,护,者
克,隆,人
蒙,上,你,的,眼
一,袋,弹,子
暗,剑
索,比,堡
大,轰,炸
千,码,凝,视
飓,风,行,动
烽,火,芳,菲
桥,[,国,语,]
最,后,一,个,音,符
动,物,奇,缘
捍,卫,者
黄,鸟
狐,步,舞
旅,程,尽,头
无,问,西,东
公,告
四,个,春,天
黎,明,墙
生,活,万,岁
毛,侠
他,们,已,不,再,变,老
摇,摇,晃,晃,的,人,间
风,味,人,间,[,全,集,]
王,朝,[,第,一,季,全,]
我,曾,侍,候,过,库,布,里
成,就,梦,想
我,是,希,斯,・,莱,杰
麦,昆
张,艺,谋,和,他,的,影
注,意,脚,下
波,西,米,亚,狂,想,曲
索,妮
胡,桃,夹,子,和,四,个,王
大,盗,之,王
毒,枭,韩,版
第,三,人,称
蜘,蛛,网,中,的,女,孩
完,美,陌,生,人,韩,版
护,垫,侠
老,人,和,枪
雪,中,灰
欢,迎,回,家
怪,物,与,人
引,爆,点
艾,拉,妮,丝
斗,罗,大,陆,动,画,版
超,人,王,朝
大,唐,风,云,2
你,的,名,字
哥,斯,拉,：,噬,星,者
肆,式,青,春
恐,龙,王
两,个,俏,公,主
无,敌,破,坏,王,2,：,大,闹
漫,威,崛,起,：,秘,密,勇
蜘,蛛,侠,：,平,行,宇,宙
龙,猫,[,高,清,]
雪,怪,大,冒,险,[,国,语,]
雪,怪,大,冒,险
精,灵,宝,可,梦,：,大,家
荷,里,活,有,个,大,老,千
小,女,花,不,弃
知,否,知,否, ,应,是,绿,肥
幕,后,之,王
天,衣,无,缝
我,的,冤,家,住,对,门
皓,镧,传
爱,回,家,之,开,心,速,递
鬼,吹,灯,之,怒,晴,湘,西
喜,欢,你,时,风,好,甜
心,冤
火,王,之,千,里,同,风
绝,世,千,金,[,全,集,]
奈,何,b,o,s,s,要,娶,我
古,董,局,中,局
黑,色,五,叶,草
天,空,之,城
驱,魔,祭,司
阿,尔,罕,布,拉,宫,的,回
与,神,的,约,定
相,棒, ,第,1,7,季
皇,后,的,品,格
赤,月,青,日
男,朋,友
下,町,火,箭,2
巨,星,柳,白
死,也,很,好,[,全,集,]
鸡,龙,仙,女,传,[,全,集,]
绝,不,交,给,你,[,全,集,]
我,是,大,哥,大,[,全,集,]
女,超,人,[,第,四,季,1,0,]
真,探,[,第,三,季,0,3,]
古,战,场,传,奇,[,第,四,季
同,妻,俱,乐,部,[,第,五,季
相,对,宇,宙,[,第,二,季,0
高,玩,救,未,来,[,第,二,季
惩,罚,者,[,第,二,季,全,]
无,言,有,爱,[,第,三,季,1
罪,恶,黑,名,单,[,第,六,季
天,堂,执,法,者,[,第,九,季
盲,点,[,第,四,季,1,0,]
新,百,战,天,龙,[,第,三,季
逍,遥,法,外,[,第,五,季,0
凶,鬼,恶,灵,[,第,十,四,季
河,谷,镇,[,第,三,季,0,9,]
雪,怪,大,冒,险,[,左,右,3
巨,齿,鲨,[,左,右,3,D,版,]
游,侠,索,罗,：,星,球,大
超,人,总,动,员,2,[,左,右
摩,天,营,救,[,左,右,3,D,版
蚁,人,2,：,黄,蜂,女,现,身
复,仇,者,联,盟,3,[,左,右
侏,罗,纪,世,界,2,[,左,右
古,墓,丽,影,：,源,起,之
狂,暴,巨,兽,[,左,右,3,D,版
环,太,平,洋,：,雷,霆,再
头,号,玩,家,[,左,右,3,D,版
星,球,大,战,8,[,左,右,3,D
勇,敢,者,游,戏,:,决,战,丛
雷,神,3,[,左,右,3,D,版,]
2,0,1,9,江,苏,卫,视,跨,年
北,京,卫,视,2,0,1,9,跨,年
安,徽,卫,视,2,0,1,8,国,剧
梦,圆,东,方,・,2,0,1,9,东
2,0,1,9,湖,南,卫,视,跨,年
泰,勒,・,斯,威,夫,特,：
张,学,友,醒,着,做,梦,音
浙,江,卫,视,领,跑,2,0,1,9
一,本,好,书,[,全,集,]
维,多,利,亚,的,秘,密,2,0
奇,遇,人,生,[,全,集,]
第,4,6,届,全,美,音,乐,大
S,.,H,.,E,十,七,音,乐,会
2,0,1,8,年,欧,洲,歌,唱,大
德,云,社,丁,酉,年,封,箱
美,国,队,长,3,：,内,战
你,的,名,字
射,雕,英,雄,传,胡,歌,版,[,全,集,]
救,僵,清,道,夫
憨,豆,先,生,的,假,期,[,高,清,]
蒙,上,你,的,眼
激,情,伴,侣
碟,中,谍,2,[,高,清,]
每,天,回,家,都,会,看,到,老,婆,在,装,死
还,留,下,什,么
的,士,速,递,[,高,清,]
美,国,队,长,2,[,高,清,]
河,畔
姜,戈
泰,坦,[,第,一,季,全,]
蜀,山,降,魔,传
黄,金,花
碟,中,谍,3,[,高,清,]
笑,神,穷,不,怕
女,超,人,[,第,四,季,1,0,]
网,络,谜,踪
胎,记
毛,侠
节,食,王,国,[,第,一,季,1,0,]
魔,神,Z, ,剧,场,版
毒,液,：,致,命,守,护,者
碟,中,谍,1,[,高,清,]
德,国,恐,惧
憨,豆,特,工,2
救,僵,清,道,夫
女,超,人,[,第,四,季,1,0,]
盲,点,[,第,四,季,1,0,]
飓,风,营,救,[,高,清,]
四,个,春,天
飓,风,营,救,2,[,高,清,]
飓,风,营,救,3,[,高,清,]
爱,回,家,之,开,心,速,递
黑,色,五,叶,草
维,京,传,奇,[,第,五,季,1,8,]
公,告
少,年,谢,尔,顿,[,第,二,季,1,3,]
生,活,大,爆,炸,[,第,十,二,季,1,3,]
仁,医,[,第,二,季,1,1,]
天,赋,异,禀,[,第,二,季,1,2,]
我,们,的,生,活,[,第,三,季,1,0,]
致,命,武,器,[,第,三,季,1,2,]
命,运,航,班,[,第,一,季,1,1,]
单,亲,[,第,一,季,1,2,]
医,院,革,命,[,第,一,季,1,1,]
芝,加,哥,烈,焰,[,第,七,季,1,1,]
芝,加,哥,医,院,[,第,四,季,1,1,]
芝,加,哥,警,署,[,第,六,季,1,1,]
摩,登,家,庭,[,第,十,季,1,2,]
住,院,医,师,[,第,二,季,1,0,]
金,色,年,代,[,第,六,季,1,2,]
新,百,战,天,龙,[,第,三,季,1,3,]
天,堂,执,法,者,[,第,九,季,1,3,]
逍,遥,法,外,[,第,五,季,0,9,]
极,品,老,妈,[,第,六,季,1,3,]
行,尸,走,肉
速,度,与,激,情
复,仇,者,联,盟
战,狼
变,形,金,刚
权,力,的,游,戏
生,活,大,爆,炸
闪,电,侠
鬼,吹,灯
生,化,危,机
权,利,的,游,戏
西,部,世,界
哈,利,波,特
越,狱
古,道,热,肠
把,外,婆,放,进,冰,箱
掠,食,城,市
斗,罗,大,陆,动,画,版
超,人,王,朝
公,告
波,西,米,亚,狂,想,曲
差,等,生,乔,曦
索,妮
姐,姐
荷,里,活,有,个,大,老,千
小,女,花,不,弃
知,否,知,否, ,应,是,绿,肥,红,瘦
幕,后,之,王
天,衣,无,缝
我,的,冤,家,住,对,门
皓,镧,传
爱,回,家,之,开,心,速,递
鬼,吹,灯,之,怒,晴,湘,西
喜,欢,你,时,风,好,甜
T,h,u, ,J,a,n, ,2,4, ,0,0,:,3,2,:,5,3, ,2,0,1,9
灵,魂,的,救,赎
假,如,比,尔,街,会,说,话
这,个,保,安,有,点,彪
海,王
此,房,是,我,造
约,车,惊,魂,夜
遗,愿
魔,女
徒,手,攀,岩
难,道,不,浪,漫
布,利,特,县
密,林,诡,影
赎,罪,2,0,1,9
肇,事,组
奇,妙,的,家,族
电,视,剧,老,中,医
逆,流,而,上,的,你
福,尔,摩,师,奶
与,敌,共,谋,[,第,一,季,0,2,]
急,速,蕾,恩,[,第,一,季,0,4,]
小,女,花,不,弃
都,挺,好
招,摇
寡,妇,[,第,一,季,0,7,]
末,日,之,旅,[,第,一,季,0,8,]
黄,金,瞳
独,孤,皇,后
爱,回,家,之,开,心,速,递
无,耻,家,庭,[,第,九,季,1,3,]
冷,案
这,个,保,安,有,点,彪
难,道,不,浪,漫
奇,妙,的,家,族
另,一,个,时,间
凶,手,或,许,就,是,你
合,并
速,成,家,庭
进,击,的,大,妈
郑,肯,：,因,为,有,你,，
我,身,体,里,的,那,个,家
凯,文,.,哈,特,.,黑,人,历
我,要,上,头,条
断,片,之,险,途,夺,宝
暴,走,财,神
战,斗,民,族,养,成,记
约,车,惊,魂,夜
布,利,特,县
密,林,诡,影
赎,罪,2,0,1,9
解,码,游,戏
电,影,大,人,物
增,速,驱,动
竞,速,传,奇
封,魔,传
希,斯,特,斯,兄,弟
功,夫,联,盟
云,南,虫,谷
黄,飞,鸿,之,狮,魂,觉,醒
铁,雨
猎,凶,风,河,谷
邻,座,的,怪,同,学
面,包,，,巴,士,和,第,二
五,十,米,之,恋
相,亲,时,代
古,利,亚,瓦,西,亚
你,的,婚,礼
边,境
新,罗,曼,蒂,克
简,爱,之,约
等,到,烟,暖,雨,收
恋,如,雨,止
泰,坦,尼,克,号,[,高,清,]
把,外,婆,放,进,冰,箱
诸,位
等,等
遗,愿
坏,种
粽,邪
汉,娜,格,蕾,丝,的,着,魔
假,戏,真,作
血,腥,兄,弟,会
王,国,[,第,一,季,全,]
阴,风,阵,阵
八,仙,饭,店
救,僵,清,道,夫
午,夜,整,容,室
命,运,改,变,者
一,日,暴,毙
鸡,皮,疙,瘩,2,：,闹,鬼,万
月,光,光,心,慌,慌,2,0,1,8
海,王
掠,食,城,市
神,奇,动,物,：,格,林,德
最,后,的,日,出
杀,死,希,特,勒,与,大,脚
科,洛,弗,悖,论
克,隆,人
匿,名,者
异,形,远,征,队
迫,日,营,救
大,黄,蜂
少,女,地,球,守,护,者
铁,血,战,士,2,[,高,清,]
铁,血,战,士,[,高,清,]
时,间,怪,客
集,中,营,里,的,摄,影,师
野,战,排,[,高,清,]
霸,主
T,-,3,4,坦,克
心,有,灵,犀
一,袋,弹,子
暗,剑
索,比,堡
大,轰,炸
千,码,凝,视
飓,风,行,动
烽,火,芳,菲
桥,[,国,语,]
最,后,一,个,音,符
动,物,奇,缘
徒,手,攀,岩
传,控
公,告
四,个,春,天
黎,明,墙
生,活,万,岁
毛,侠
他,们,已,不,再,变,老
摇,摇,晃,晃,的,人,间
风,味,人,间,[,全,集,]
王,朝,[,第,一,季,全,]
我,曾,侍,候,过,库,布,里
成,就,梦,想
我,是,希,斯,・,莱,杰
麦,昆
灵,魂,的,救,赎
假,如,比,尔,街,会,说,话
此,房,是,我,造
魔,女
肇,事,组
光,之,声
驭,风,男,孩
词,典
那,些,面,孔
迦,百,农
蓝,蜥,蜴,俱,乐,部
绿,皮,书
悬,案,密,码,3
悬,案,密,码,2
悬,案,密,码,1
白,蛇,：,缘,起
斗,罗,大,陆,动,画,版
悠,哉,日,常,大,王,剧,场
警,车,联,盟
无,敌,破,坏,王,2,：,大,闹
莫,滕,船,长,与,蜘,蛛,女
闯,堂,兔,3,�,�,�,迨,惫,饣,�
蜘,蛛,侠,：,平,行,宇,宙
姨,妈,希,尔,达
龙,珠,超,：,布,罗,利
绿,毛,怪,格,林,奇
龙,的,牙,医
未,来,的,未,来
超,人,王,朝
大,唐,风,云,2
电,视,剧,老,中,医
逆,流,而,上,的,你
福,尔,摩,师,奶
小,女,花,不,弃
都,挺,好
招,摇
黄,金,瞳
独,孤,皇,后
爱,回,家,之,开,心,速,递
冷,案
东,宫
乡,村,爱,情,1,1
我,的,奇,妙,男,友,2,之,恋
倚,天,屠,龙,记,2,0,1,9
国,宝,奇,旅,[,全,集,]
浪,漫,是,一,册,副,刊
耀,眼
3,年,A,班, ,-,现,在,开,始
通,天,塔
圈,套
触,及,真,心
与,神,的,约,定,[,全,集,]
相,棒, ,第,1,7,季
卖,房,子,的,女,人,的,逆
黑,色,五,叶,草
后,妻,业
初,恋,那,一,天,所,读,的
皇,后,的,品,格,[,全,集,]
天,空,之,城,[,全,集,]
巨,星,柳,白,[,全,集,]
与,敌,共,谋,[,第,一,季,0
急,速,蕾,恩,[,第,一,季,0
寡,妇,[,第,一,季,0,7,]
末,日,之,旅,[,第,一,季,0
无,耻,家,庭,[,第,九,季,1
反,击,[,第,七,季,0,6,]
实,习,医,生,格,蕾,[,第,十
叛,徒,[,第,一,季,0,3,]
深,入,黑,暗,[,第,一,季,0
行,尸,走,肉,[,第,九,季,1
众,口,难,调,[,第,三,季,0
女,超,人,[,第,四,季,1,3,]
黑,色,星,期,一,[,第,一,季
宵,禁,[,第,一,季,0,2,]
无,言,有,爱,[,第,三,季,1
绿,毛,怪,格,林,奇,[,左,右
毒,液,：,致,命,守,护,者
雪,怪,大,冒,险,[,左,右,3
巨,齿,鲨,[,左,右,3,D,版,]
游,侠,索,罗,：,星,球,大
超,人,总,动,员,2,[,左,右
摩,天,营,救,[,左,右,3,D,版
蚁,人,2,：,黄,蜂,女,现,身
复,仇,者,联,盟,3,[,左,右
侏,罗,纪,世,界,2,[,左,右
古,墓,丽,影,：,源,起,之
狂,暴,巨,兽,[,左,右,3,D,版
环,太,平,洋,：,雷,霆,再
头,号,玩,家,[,左,右,3,D,版
星,球,大,战,8,[,左,右,3,D
第,9,1,届,奥,斯,卡,颁,奖
2,0,1,9,天,津,卫,视,春,晚
2,0,1,9,广,东,卫,视,春,晚
2,0,1,9,北,京,卫,视,春,晚
2,0,1,9,东,方,卫,视,春,节
2,0,1,9,湖,南,卫,视,华,人
2,0,1,9,江,苏,卫,视,春,节
2,0,1,9,山,西,卫,视,春,晚
2,0,1,9,江,西,卫,视,春,晚
2,0,1,9,山,东,卫,视,春,节
2,0,1,9,安,徽,卫,视,春,节
2,0,1,9,德,云,社,郭,德,纲
2,0,1,9,湖,南,卫,视,春,节
2,0,1,9,吉,林,卫,视,春,晚
2,0,1,9,江,苏,卫,视,跨,年
双,世,宠,妃,[,全,集,]
看,不,见,的,客,人
美,国,队,长,3,：,内,战
你,的,名,字
射,雕,英,雄,传,胡,歌,版,[,全,集,]
救,僵,清,道,夫
憨,豆,先,生,的,假,期,[,高,清,]
下,载,帮,助
蒙,上,你,的,眼
激,情,伴,侣
每,天,回,家,都,会,看,到,老,婆,在,装,死
还,留,下,什,么
美,国,队,长,2,[,高,清,]
河,畔
姜,戈
泰,坦,[,第,一,季,全,]
蜀,山,降,魔,传
齐,天,大,圣,火,焰,山
齐,天,大,圣,之,大,闹,龙,宫
笑,神,穷,不,怕
女,超,人,[,第,四,季,1,3,]
网,络,谜,踪
大,智,若,愚
胎,记
小,偷,家,族
毛,侠
魔,神,Z, ,剧,场,版
毒,液,：,致,命,守,护,者
德,国,恐,惧
女,超,人,[,第,四,季,1,3,]
小,偷,家,族
爱,回,家,之,开,心,速,递
黑,色,五,叶,草
独,孤,皇,后
寡,妇,[,第,一,季,0,7,]
诉,讼,双,雄,[,第,八,季,1,6,]
魔,女
解,码,游,戏
无,耻,家,庭,[,第,九,季,1,3,]
仁,医,[,第,二,季,1,6,]
天,赋,异,禀,[,第,二,季,1,6,]
致,命,武,器,[,第,三,季,全,]
单,亲,[,第,一,季,1,7,]
芝,加,哥,烈,焰,[,第,七,季,1,6,]
芝,加,哥,医,院,[,第,四,季,1,6,]
芝,加,哥,警,署,[,第,六,季,1,6,]
摩,登,家,庭,[,第,十,季,1,6,]
美,式,主,妇,[,第,三,季,1,5,]
金,色,年,代,[,第,六,季,1,7,]
实,习,医,生,格,蕾,[,第,十,五,季,1,5,]
逍,遥,法,外,[,第,五,季,全,]
行,尸,走,肉,[,第,九,季,1,2,]
无,言,有,爱,[,第,三,季,1,6,]
深,入,黑,暗,[,第,一,季,0,6,]
河,谷,镇,[,第,三,季,1,3,]
相,棒, ,第,1,7,季
与,神,的,约,定,[,全,集,]
神,奇,动,物,：,格,林,德,沃,之,罪
此,房,是,我,造
行,尸,走,肉
速,度,与,激,情
复,仇,者,联,盟
鬼,吹,灯
变,形,金,刚
权,力,的,游,戏
战,狼
生,活,大,爆,炸
闪,电,侠
生,化,危,机
权,利,的,游,戏
西,部,世,界
哈,利,波,特
越,狱
灵,魂,的,救,赎
假,如,比,尔,街,会,说,话
这,个,保,安,有,点,彪
海,王
此,房,是,我,造
约,车,惊,魂,夜
遗,愿
魔,女
徒,手,攀,岩
难,道,不,浪,漫
电,视,剧,老,中,医
逆,流,而,上,的,你
福,尔,摩,师,奶
与,敌,共,谋,[,第,一,季,0,2,]
急,速,蕾,恩,[,第,一,季,0,4,]
小,女,花,不,弃
都,挺,好
招,摇
寡,妇,[,第,一,季,0,7,]
末,日,之,旅,[,第,一,季,0,8,]
W,e,d, ,M,a,r, , ,6, ,1,5,:,4,6,:,0,3, ,2,0,1,9
